{"cameraMode":{"drawMode":0,"name":"Shaded","section":"Shading Mode"},"sceneLighting":false,"audioPlay":false,"sceneViewState":{"m_AlwaysRefresh":false,"showFog":true,"showSkybox":false,"showFlares":true,"showImageEffects":true,"showParticleSystems":true,"showVisualEffectGraphs":true,"m_FxEnabled":true},"in2DMode":false,"pivot":{"x":0.15999996662139893,"y":3.809999942779541,"z":11.369999885559082},"rotation":{"x":0.15046508610248567,"y":-0.42355430126190188,"z":0.07157057523727417,"w":0.8904275894165039},"size":4.160973072052002,"orthographic":false}